feature_group,macro_f1,weighted_f1,balanced_accuracy,log_loss,multiclass_brier,ece_macro
topology_basic,0.2994884531505948,0.4305833382696328,0.4186523645970191,0.9682202083656839,0.5716823182079508,0.19246741391443523
temporal,0.29723266319570296,0.42854359937505865,0.4151138480988976,0.9590442344521346,0.5670745483508092,0.18888027537098817
price,0.298923516483045,0.4328779541108306,0.41486517342950185,0.962995972218966,0.5687128026232056,0.190716780574767
reliability_history,0.3068227640878259,0.4454735418871224,0.43408433523422446,0.9397747486351427,0.5540509589001553,0.1859173565478875
full_valid_model,0.30523341111941976,0.45990149697863486,0.40836349764338636,0.9429398244022961,0.5560149168158991,0.18645443739283651
