name,selection_score,accuracy,balanced_accuracy,macro_f1,weighted_f1,log_loss,multiclass_brier,ece_macro
ovr_isotonic,0.2661333496825492,0.7879672897196262,0.33398950131233596,0.29514605210172534,0.6949306056745239,0.5778489440779846,0.3297315114679623,0.0012025521527692456
multinomial_logistic,0.2642644894327925,0.7876752336448598,0.3333333333333333,0.29374285247508575,0.6941219098644623,0.5825493423043178,0.3315585586861991,0.0035089592707730093
temperature_scaling,0.24055909552120802,0.3951518691588785,0.40836349764338636,0.30523341111941976,0.45990149697863486,0.9346278294063745,0.5562324617965682,0.17942924127893006
none,0.23944097616002133,0.3951518691588785,0.40836349764338636,0.30523341111941976,0.45990149697863486,0.942939824402296,0.5560149168158991,0.1864544373928365
