name,selection_score,accuracy,balanced_accuracy,macro_f1,weighted_f1,log_loss,multiclass_brier,ece_macro
random_forest,0.258086419899305,0.3951518691588785,0.40836349764338636,0.30523341111941976,0.45990149697863486,0.942939824402296,0.5560149168158991,0.18645443739283646
catboost,0.25203793106629535,0.3574766355140187,0.4305195461542973,0.29985316387462674,0.42215117267618896,0.9563046561666281,0.5771108499649049,0.17921954097886797
logistic_regression,-1.418108656165106,0.08586448598130841,0.3384074644074339,0.05917468127030625,0.05200970285120976,29.545666748708243,1.8174833189006463,0.45567031949213466
