{
  "rows": [
    {
      "name": "random_forest",
      "selection_score": 0.258086419899305,
      "accuracy": 0.3951518691588785,
      "balanced_accuracy": 0.40836349764338636,
      "macro_f1": 0.30523341111941976,
      "weighted_f1": 0.45990149697863486,
      "log_loss": 0.942939824402296,
      "multiclass_brier": 0.5560149168158991,
      "ece_macro": 0.18645443739283646,
      "tuning_metadata": {
        "strategy": "fixed_reasonable_defaults"
      }
    },
    {
      "name": "catboost",
      "selection_score": 0.25203793106629535,
      "accuracy": 0.3574766355140187,
      "balanced_accuracy": 0.4305195461542973,
      "macro_f1": 0.29985316387462674,
      "weighted_f1": 0.42215117267618896,
      "log_loss": 0.9563046561666281,
      "multiclass_brier": 0.5771108499649049,
      "ece_macro": 0.17921954097886797,
      "tuning_metadata": {
        "best_params": {
          "depth": 8,
          "learning_rate": 0.05,
          "iterations": 250
        },
        "trial_count": 4
      }
    },
    {
      "name": "logistic_regression",
      "selection_score": -1.418108656165106,
      "accuracy": 0.08586448598130841,
      "balanced_accuracy": 0.3384074644074339,
      "macro_f1": 0.05917468127030625,
      "weighted_f1": 0.05200970285120976,
      "log_loss": 29.545666748708243,
      "multiclass_brier": 1.8174833189006463,
      "ece_macro": 0.45567031949213466,
      "tuning_metadata": {
        "best_C": 0.5,
        "trial_count": 3
      }
    }
  ]
}