feature_group,macro_f1,weighted_f1,balanced_accuracy,log_loss,multiclass_brier,ece_macro
topology_basic,0.33392678127657,0.4981823504352106,0.4530150698564153,0.9665940830820775,0.5681244806067082,0.20507150029091556
temporal,0.3355989177932576,0.4996719731904526,0.455714818131465,0.9627142200040505,0.5652994165690471,0.203922235408094
price,0.33526853934320905,0.5007261747126575,0.45338625344277866,0.9652608024696212,0.567126933253589,0.2046502344075417
reliability_history,0.3375559688147911,0.5142882597968063,0.44338406299991195,0.9553813819429935,0.559734029607554,0.2013885875475612
full_valid_model,0.33646894163961516,0.5162607559337832,0.44398821556149265,0.9616868328112455,0.5641771788516914,0.20314678902984568
