{
  "rows": [
    {
      "config_name": "isolated_topology",
      "ablation_type": "isolated",
      "n_features": 18,
      "n_runs": 3,
      "macro_f1_mean": 0.3313888908902234,
      "macro_f1_present_classes_mean": 0.3313888908902234,
      "weighted_f1_mean": 0.4981832768126317,
      "balanced_accuracy_mean": 0.4519891820600055,
      "log_loss_mean": 0.8590731461093485,
      "multiclass_brier_mean": 0.5241222345774776,
      "ece_macro_mean": 0.20737166994524517,
      "macro_f1_std": 0.0001796911474799285,
      "macro_f1_present_classes_std": 0.0001796911474799285,
      "weighted_f1_std": 0.0002844463614725273,
      "balanced_accuracy_std": 0.0007403793071092247,
      "log_loss_std": 0.0012497024569199178,
      "multiclass_brier_std": 0.0008033170248158126,
      "ece_macro_std": 0.00032242992787257153
    },
    {
      "config_name": "isolated_temporal",
      "ablation_type": "isolated",
      "n_features": 11,
      "n_runs": 3,
      "macro_f1_mean": 0.29472283921630554,
      "macro_f1_present_classes_mean": 0.29472283921630554,
      "weighted_f1_mean": 0.49447838431518587,
      "balanced_accuracy_mean": 0.35131830321119756,
      "log_loss_mean": 1.0673851361322713,
      "multiclass_brier_mean": 0.6433998557864319,
      "ece_macro_mean": 0.2995206512258913,
      "macro_f1_std": 0.0013851073906047098,
      "macro_f1_present_classes_std": 0.0013851073906047098,
      "weighted_f1_std": 0.0024505267241418326,
      "balanced_accuracy_std": 0.0026671812553249407,
      "log_loss_std": 0.001086035949888362,
      "multiclass_brier_std": 0.0007569526019552014,
      "ece_macro_std": 0.0004058304807361245
    },
    {
      "config_name": "isolated_price",
      "ablation_type": "isolated",
      "n_features": 8,
      "n_runs": 3,
      "macro_f1_mean": 0.041565293108305375,
      "macro_f1_present_classes_mean": 0.041565293108305375,
      "weighted_f1_mean": 0.008291488377371344,
      "balanced_accuracy_mean": 0.3333333333333333,
      "log_loss_mean": 1.0986123128700453,
      "multiclass_brier_mean": 0.6666666828012907,
      "ece_macro_mean": 0.31247677232220616,
      "macro_f1_std": 0.0,
      "macro_f1_present_classes_std": 0.0,
      "weighted_f1_std": 0.0,
      "balanced_accuracy_std": 0.0,
      "log_loss_std": 0.0,
      "multiclass_brier_std": 1.3597399555105182e-16,
      "ece_macro_std": 0.0
    },
    {
      "config_name": "isolated_history",
      "ablation_type": "isolated",
      "n_features": 14,
      "n_runs": 3,
      "macro_f1_mean": 0.2812241837642419,
      "macro_f1_present_classes_mean": 0.2812241837642419,
      "weighted_f1_mean": 0.4754337629018474,
      "balanced_accuracy_mean": 0.38749663917446703,
      "log_loss_mean": 0.9724411484144544,
      "multiclass_brier_mean": 0.5844469794559709,
      "ece_macro_mean": 0.26695684868082376,
      "macro_f1_std": 0.006820775214441927,
      "macro_f1_present_classes_std": 0.006820775214441927,
      "weighted_f1_std": 0.022629842027013364,
      "balanced_accuracy_std": 0.005358417232815214,
      "log_loss_std": 0.019926817012892242,
      "multiclass_brier_std": 0.012460297271965058,
      "ece_macro_std": 0.008018639529614681
    },
    {
      "config_name": "cumul_topology",
      "ablation_type": "cumulative",
      "n_features": 18,
      "n_runs": 3,
      "macro_f1_mean": 0.3313888908902234,
      "macro_f1_present_classes_mean": 0.3313888908902234,
      "weighted_f1_mean": 0.4981832768126317,
      "balanced_accuracy_mean": 0.4519891820600055,
      "log_loss_mean": 0.8590731461093485,
      "multiclass_brier_mean": 0.5241222345774776,
      "ece_macro_mean": 0.20737166994524517,
      "macro_f1_std": 0.0001796911474799285,
      "macro_f1_present_classes_std": 0.0001796911474799285,
      "weighted_f1_std": 0.0002844463614725273,
      "balanced_accuracy_std": 0.0007403793071092247,
      "log_loss_std": 0.0012497024569199178,
      "multiclass_brier_std": 0.0008033170248158126,
      "ece_macro_std": 0.00032242992787257153
    },
    {
      "config_name": "cumul_topo_temporal",
      "ablation_type": "cumulative",
      "n_features": 29,
      "n_runs": 3,
      "macro_f1_mean": 0.33362536864696146,
      "macro_f1_present_classes_mean": 0.33362536864696146,
      "weighted_f1_mean": 0.5016787657496318,
      "balanced_accuracy_mean": 0.45276870762907157,
      "log_loss_mean": 0.8513498409478478,
      "multiclass_brier_mean": 0.5187446327205497,
      "ece_macro_mean": 0.2057489702118468,
      "macro_f1_std": 0.0007160838166708192,
      "macro_f1_present_classes_std": 0.0007160838166708192,
      "weighted_f1_std": 0.001641045481373174,
      "balanced_accuracy_std": 0.0005839202560452324,
      "log_loss_std": 0.0012314636302931039,
      "multiclass_brier_std": 0.0007972180465813722,
      "ece_macro_std": 0.0004523339748499042
    },
    {
      "config_name": "cumul_topo_temp_price",
      "ablation_type": "cumulative",
      "n_features": 37,
      "n_runs": 3,
      "macro_f1_mean": 0.33362536864696146,
      "macro_f1_present_classes_mean": 0.33362536864696146,
      "weighted_f1_mean": 0.5016787657496318,
      "balanced_accuracy_mean": 0.45276870762907157,
      "log_loss_mean": 0.8513498409478478,
      "multiclass_brier_mean": 0.5187446327205497,
      "ece_macro_mean": 0.2057489702118468,
      "macro_f1_std": 0.0007160838166708192,
      "macro_f1_present_classes_std": 0.0007160838166708192,
      "weighted_f1_std": 0.001641045481373174,
      "balanced_accuracy_std": 0.0005839202560452324,
      "log_loss_std": 0.0012314636302931039,
      "multiclass_brier_std": 0.0007972180465813722,
      "ece_macro_std": 0.0004523339748499042
    },
    {
      "config_name": "cumul_topo_temp_history",
      "ablation_type": "cumulative",
      "n_features": 43,
      "n_runs": 3,
      "macro_f1_mean": 0.3464390162319149,
      "macro_f1_present_classes_mean": 0.3464390162319149,
      "weighted_f1_mean": 0.5445888599062559,
      "balanced_accuracy_mean": 0.4425032030981051,
      "log_loss_mean": 0.8038843519667055,
      "multiclass_brier_mean": 0.49024438153035255,
      "ece_macro_mean": 0.1903782565520864,
      "macro_f1_std": 0.0036010669605150147,
      "macro_f1_present_classes_std": 0.0036010669605150147,
      "weighted_f1_std": 0.010134153181547777,
      "balanced_accuracy_std": 0.0022971477355400033,
      "log_loss_std": 0.007708569394670742,
      "multiclass_brier_std": 0.004896858006127607,
      "ece_macro_std": 0.0027781567512823
    },
    {
      "config_name": "full_valid_model",
      "ablation_type": "cumulative",
      "n_features": 51,
      "n_runs": 3,
      "macro_f1_mean": 0.3464390162319149,
      "macro_f1_present_classes_mean": 0.3464390162319149,
      "weighted_f1_mean": 0.5445888599062559,
      "balanced_accuracy_mean": 0.4425032030981051,
      "log_loss_mean": 0.8038843519667055,
      "multiclass_brier_mean": 0.49024438153035255,
      "ece_macro_mean": 0.1903782565520864,
      "macro_f1_std": 0.0036010669605150147,
      "macro_f1_present_classes_std": 0.0036010669605150147,
      "weighted_f1_std": 0.010134153181547777,
      "balanced_accuracy_std": 0.0022971477355400033,
      "log_loss_std": 0.007708569394670742,
      "multiclass_brier_std": 0.004896858006127607,
      "ece_macro_std": 0.0027781567512823
    }
  ]
}