name,selection_score,accuracy,balanced_accuracy,macro_f1,weighted_f1,log_loss,multiclass_brier,ece_macro
temperature_scaling,0.2727880436213803,0.4306589279617617,0.44398821556149265,0.33646894163961516,0.5162607559337832,0.9160177488987875,0.5378462271355374,0.17880010573295474
ovr_isotonic,0.26885470555642077,0.7997814953909184,0.3333333333333333,0.2962513310417915,0.7108089976564621,0.5477283102391726,0.3118183421416857,0.00010209973412103927
multinomial_logistic,0.2687087152029306,0.7997814953909184,0.3333333333333333,0.2962513310417915,0.7108089976564621,0.5494005291189558,0.31218400089374443,0.0007258938291308582
none,0.2680699210960683,0.4306589279617617,0.44398821556149265,0.33646894163961516,0.5162607559337832,0.9616868328112455,0.5641771788516914,0.20314678902984568
