{
  "method": "mutual_information",
  "k_selected": 35,
  "all_scores": {
    "referrer_domain": 0.4890098359116447,
    "meta_engine": 0.48896969910002397,
    "airline_route": 0.43673366150469206,
    "locale": 0.3169178295258262,
    "airline_route_prior_rate_bookable": 0.2559810715710613,
    "airline_route_prior_rate_unavailable": 0.2145298412833767,
    "route": 0.21419909796869813,
    "unavailability_pressure": 0.1935575701913732,
    "airline_route_prior_rate_price_changed": 0.17336912903839297,
    "route_prior_rate_bookable": 0.1648079617208964,
    "route_instability_score": 0.1644550566378289,
    "provider_route_prior_rate_bookable": 0.16231295626272635,
    "price_change_pressure": 0.15847576482432313,
    "provider_route_prior_rate_unavailable": 0.15442625081382944,
    "provider_airline": 0.15131264176389833,
    "route_prior_rate_unavailable": 0.1513059991830783,
    "airline_code": 0.1512761063302299,
    "provider_route_prior_rate_price_changed": 0.1362156304562958,
    "route_prior_rate_price_changed": 0.13330767254554088,
    "destination_airport": 0.10382264676981814,
    "origin_airport": 0.09349051779092404,
    "device_os": 0.08008191969300416,
    "price_currency": 0.06564953039088754,
    "provider_prior_count": 0.06031378662776499,
    "route_minutes_since_prev": 0.0587809419171792,
    "provider_route_minutes_since_prev": 0.05796619102955791,
    "stop_count": 0.056749017949379255,
    "route_search_density": 0.04745285784337283,
    "route_prior_count": 0.03982067966603431,
    "provider_offer_density": 0.03733489390400124,
    "is_multi_stop": 0.03510560332684909,
    "provider_prior_rate_unavailable": 0.023817680829726573,
    "provider_prior_rate_price_changed": 0.02094433662188533,
    "cabin_class": 0.01760448930663623,
    "provider_prior_rate_bookable": 0.015546585045779437,
    "provider_instability_score": 0.015508641620906483,
    "missing_price": 0.010247259165318878,
    "days_to_departure": 0.010150565708779258,
    "departure_month": 0.00985352144617857,
    "passenger_count": 0.009486465269520128,
    "is_long_lead": 0.009297474484132318,
    "search_month": 0.00878744408082599,
    "price_ratio_to_median": 0.007324912627263869,
    "trip_type": 0.006028481591906026,
    "search_hour": 0.005969472479554705,
    "provider_minutes_since_prev": 0.005665519912454453,
    "days_to_departure_bucket": 0.0045499977394643405,
    "search_dayofweek": 0.004464080766434897,
    "price_rank_pct_in_route_day": 0.0036316254167214623,
    "is_weekend_search": 0.0019789274654784528,
    "provider_prior_rate_technical_failure": 0.0017460677230953792,
    "route_day_min_price": 0.0016375866065763134,
    "offers_in_route_day": 0.001291023149765591,
    "is_short_lead": 0.0004754895077261345,
    "route_day_median_price": 0.00020152118073690772,
    "provider_key": 0.00015896261400579116,
    "market": 0.0,
    "unknown_provider": 0.0,
    "price_total": 0.0,
    "price_gap_to_min": 0.0,
    "price_rank_in_route_day": 0.0,
    "technical_failure_pressure": 0.0
  },
  "selected_features": [
    "referrer_domain",
    "meta_engine",
    "airline_route",
    "locale",
    "airline_route_prior_rate_bookable",
    "airline_route_prior_rate_unavailable",
    "route",
    "unavailability_pressure",
    "airline_route_prior_rate_price_changed",
    "route_prior_rate_bookable",
    "route_instability_score",
    "provider_route_prior_rate_bookable",
    "price_change_pressure",
    "provider_route_prior_rate_unavailable",
    "provider_airline",
    "route_prior_rate_unavailable",
    "airline_code",
    "provider_route_prior_rate_price_changed",
    "route_prior_rate_price_changed",
    "destination_airport",
    "origin_airport",
    "device_os",
    "price_currency",
    "provider_prior_count",
    "route_minutes_since_prev",
    "provider_route_minutes_since_prev",
    "stop_count",
    "route_search_density",
    "route_prior_count",
    "provider_offer_density",
    "is_multi_stop",
    "provider_prior_rate_unavailable",
    "provider_prior_rate_price_changed",
    "cabin_class",
    "provider_prior_rate_bookable"
  ],
  "top_10": [
    {
      "feature": "referrer_domain",
      "mi_score": 0.4890098359116447
    },
    {
      "feature": "meta_engine",
      "mi_score": 0.48896969910002397
    },
    {
      "feature": "airline_route",
      "mi_score": 0.43673366150469206
    },
    {
      "feature": "locale",
      "mi_score": 0.3169178295258262
    },
    {
      "feature": "airline_route_prior_rate_bookable",
      "mi_score": 0.2559810715710613
    },
    {
      "feature": "airline_route_prior_rate_unavailable",
      "mi_score": 0.2145298412833767
    },
    {
      "feature": "route",
      "mi_score": 0.21419909796869813
    },
    {
      "feature": "unavailability_pressure",
      "mi_score": 0.1935575701913732
    },
    {
      "feature": "airline_route_prior_rate_price_changed",
      "mi_score": 0.17336912903839297
    },
    {
      "feature": "route_prior_rate_bookable",
      "mi_score": 0.1648079617208964
    }
  ]
}