{
  "method": "mutual_information",
  "k_selected": 35,
  "all_scores": {
    "airline_route": 0.12791207715605282,
    "locale": 0.0537637289601848,
    "route": 0.038041993304630935,
    "airline_code": 0.03396148719468241,
    "provider_airline": 0.03396148719468241,
    "price_ratio_to_median": 0.031769708355128934,
    "missing_price": 0.030349727533915072,
    "is_multi_stop": 0.023831198089103944,
    "is_long_lead": 0.021721587529703656,
    "search_month": 0.0184139001813608,
    "airline_route_prior_rate_unavailable": 0.01445299841962,
    "stop_count": 0.014130501358007752,
    "provider_route_prior_rate_bookable": 0.0128071398232934,
    "provider_route_prior_rate_unavailable": 0.012777952081212574,
    "route_prior_rate_bookable": 0.012406447017273559,
    "destination_airport": 0.012366077605041402,
    "route_prior_rate_unavailable": 0.012358038660051252,
    "origin_airport": 0.0077299282075523204,
    "passenger_count": 0.007624485132023073,
    "search_dayofweek": 0.005068919980685704,
    "departure_month": 0.00479443738606955,
    "provider_prior_count": 0.004563541892661727,
    "route_search_density": 0.003564812035935949,
    "is_weekend_search": 0.0029239271598788807,
    "search_hour": 0.002874300973268795,
    "provider_prior_rate_bookable": 0.002670385863484892,
    "route_prior_count": 0.002622399598030789,
    "provider_prior_rate_price_changed": 0.0025223616902538826,
    "provider_offer_density": 0.002462134186470788,
    "cabin_class": 0.0022182497160320946,
    "route_minutes_since_prev": 0.0018416212538521215,
    "provider_route_minutes_since_prev": 0.0015945017221166147,
    "provider_minutes_since_prev": 0.001272418404821618,
    "provider_prior_rate_unavailable": 0.001084177621705651,
    "is_short_lead": 0.0008781830773150201,
    "route_day_min_price": 0.0008412650849314307,
    "price_gap_to_min": 0.00083673641937132,
    "days_to_departure": 0.0004812754499732286,
    "trip_type": 0.0004531014736219169,
    "days_to_departure_bucket": 0.00044441319360025367,
    "price_total": 0.00023558553354341427,
    "offers_in_route_day": 0.00020470574123598873,
    "provider_key": 0.0,
    "meta_engine": 0.0,
    "referrer_domain": 0.0,
    "market": 0.0,
    "device_os": 0.0,
    "unknown_provider": 0.0,
    "route_day_median_price": 0.0,
    "price_rank_in_route_day": 0.0,
    "provider_prior_rate_technical_failure": 0.0
  },
  "selected_features": [
    "airline_route",
    "locale",
    "route",
    "airline_code",
    "provider_airline",
    "price_ratio_to_median",
    "missing_price",
    "is_multi_stop",
    "is_long_lead",
    "search_month",
    "airline_route_prior_rate_unavailable",
    "stop_count",
    "provider_route_prior_rate_bookable",
    "provider_route_prior_rate_unavailable",
    "route_prior_rate_bookable",
    "destination_airport",
    "route_prior_rate_unavailable",
    "origin_airport",
    "passenger_count",
    "search_dayofweek",
    "departure_month",
    "provider_prior_count",
    "route_search_density",
    "is_weekend_search",
    "search_hour",
    "provider_prior_rate_bookable",
    "route_prior_count",
    "provider_prior_rate_price_changed",
    "provider_offer_density",
    "cabin_class",
    "route_minutes_since_prev",
    "provider_route_minutes_since_prev",
    "provider_minutes_since_prev",
    "provider_prior_rate_unavailable",
    "is_short_lead"
  ],
  "top_10": [
    {
      "feature": "airline_route",
      "mi_score": 0.12791207715605282
    },
    {
      "feature": "locale",
      "mi_score": 0.0537637289601848
    },
    {
      "feature": "route",
      "mi_score": 0.038041993304630935
    },
    {
      "feature": "airline_code",
      "mi_score": 0.03396148719468241
    },
    {
      "feature": "provider_airline",
      "mi_score": 0.03396148719468241
    },
    {
      "feature": "price_ratio_to_median",
      "mi_score": 0.031769708355128934
    },
    {
      "feature": "missing_price",
      "mi_score": 0.030349727533915072
    },
    {
      "feature": "is_multi_stop",
      "mi_score": 0.023831198089103944
    },
    {
      "feature": "is_long_lead",
      "mi_score": 0.021721587529703656
    },
    {
      "feature": "search_month",
      "mi_score": 0.0184139001813608
    }
  ]
}