{
  "accuracy": 0.678981773156831,
  "balanced_accuracy": 0.36254084679858783,
  "macro_f1": 0.3378351818670257,
  "macro_f1_present_classes": 0.3378351818670257,
  "weighted_f1": 0.6661429304260877,
  "log_loss": 0.7447336591452464,
  "multiclass_brier": 0.42325595026345564,
  "roc_auc_per_class": {
    "bookable": 0.6712114143387349,
    "price_changed": 0.6480332767934558,
    "unavailable": 0.6553488014518096,
    "macro_avg": 0.6581978308613334
  },
  "precision_recall_auc": {
    "bookable": {
      "average_precision": 0.9006,
      "support": 43392,
      "curve_precision": [
        0.7901,
        0.7913,
        0.7932,
        0.7949,
        0.7967,
        0.7988,
        0.8013,
        0.803,
        0.8051,
        0.807,
        0.8098,
        0.8123,
        0.8142,
        0.8171,
        0.8203,
        0.8232,
        0.8258,
        0.8291,
        0.8328,
        0.8367,
        0.8406,
        0.8445,
        0.8491,
        0.8543,
        0.86,
        0.8659,
        0.871,
        0.8768,
        0.8839,
        0.8917,
        0.8999,
        0.9096,
        0.9198,
        0.9309,
        0.9431,
        0.9585,
        0.974,
        0.9877,
        0.9888,
        0.9891,
        0.9894,
        0.9896,
        0.9899,
        0.9908,
        0.9924,
        0.9937,
        0.9949,
        0.9951,
        0.9959,
        0.9984,
        1.0
      ],
      "curve_recall": [
        1.0,
        0.9823,
        0.9656,
        0.9479,
        0.9309,
        0.9137,
        0.8968,
        0.8789,
        0.8614,
        0.8442,
        0.8271,
        0.8098,
        0.7918,
        0.7746,
        0.7569,
        0.739,
        0.7209,
        0.7034,
        0.6858,
        0.6688,
        0.6508,
        0.6333,
        0.6159,
        0.5985,
        0.5814,
        0.5635,
        0.5452,
        0.5273,
        0.5099,
        0.4924,
        0.4742,
        0.4564,
        0.439,
        0.421,
        0.4023,
        0.3847,
        0.3665,
        0.3468,
        0.3214,
        0.2957,
        0.2701,
        0.2445,
        0.2182,
        0.1913,
        0.1649,
        0.1384,
        0.1114,
        0.0843,
        0.056,
        0.0283,
        0.0007
      ],
      "curve_thresholds": [
        0.0529,
        0.1834,
        0.2251,
        0.2569,
        0.2837,
        0.3074,
        0.3289,
        0.3484,
        0.3674,
        0.3869,
        0.4043,
        0.4218,
        0.4391,
        0.4546,
        0.4706,
        0.4865,
        0.502,
        0.5172,
        0.5327,
        0.5491,
        0.564,
        0.5787,
        0.5946,
        0.6108,
        0.6258,
        0.6425,
        0.6597,
        0.6773,
        0.6944,
        0.7124,
        0.7303,
        0.75,
        0.7711,
        0.7949,
        0.8211,
        0.8528,
        0.8952,
        0.9986,
        0.9992,
        0.9994,
        0.9996,
        0.9996,
        0.9997,
        0.9997,
        0.9998,
        0.9998,
        0.9999,
        0.9999,
        0.9999,
        0.9999,
        1.0
      ]
    },
    "price_changed": {
      "average_precision": 0.0974,
      "support": 3875,
      "curve_precision": [
        0.0706,
        0.0721,
        0.0736,
        0.0754,
        0.077,
        0.0788,
        0.0806,
        0.0826,
        0.0846,
        0.0867,
        0.0889,
        0.0912,
        0.0936,
        0.0962,
        0.097,
        0.097,
        0.0969,
        0.0969,
        0.0971,
        0.0969,
        0.0968,
        0.0972,
        0.0977,
        0.0979,
        0.098,
        0.0982,
        0.0988,
        0.0993,
        0.0995,
        0.0994,
        0.0993,
        0.0996,
        0.099,
        0.0998,
        0.0998,
        0.0989,
        0.0989,
        0.0978,
        0.0965,
        0.0957,
        0.0948,
        0.0971,
        0.0998,
        0.1007,
        0.0978,
        0.0993,
        0.097,
        0.0922,
        0.0932,
        0.0962,
        0.0667
      ],
      "curve_recall": [
        1.0,
        0.9992,
        0.9977,
        0.9974,
        0.9959,
        0.9954,
        0.9948,
        0.9935,
        0.9925,
        0.9915,
        0.9902,
        0.9886,
        0.9879,
        0.9858,
        0.9665,
        0.9391,
        0.9115,
        0.8844,
        0.8596,
        0.8312,
        0.8036,
        0.7791,
        0.7564,
        0.7301,
        0.703,
        0.6774,
        0.6534,
        0.6292,
        0.6028,
        0.575,
        0.5476,
        0.5221,
        0.4914,
        0.4671,
        0.4403,
        0.4095,
        0.3817,
        0.3502,
        0.3185,
        0.2895,
        0.2604,
        0.2397,
        0.2194,
        0.193,
        0.1605,
        0.1363,
        0.1063,
        0.0759,
        0.0516,
        0.0268,
        0.0005
      ],
      "curve_thresholds": [
        0.0,
        0.0,
        0.0,
        0.0001,
        0.0001,
        0.0001,
        0.0001,
        0.0001,
        0.0001,
        0.0002,
        0.0002,
        0.0003,
        0.0004,
        0.0008,
        0.0463,
        0.0693,
        0.0878,
        0.1024,
        0.1165,
        0.1301,
        0.1428,
        0.1546,
        0.1662,
        0.1774,
        0.1893,
        0.2008,
        0.2126,
        0.2233,
        0.2342,
        0.2444,
        0.2559,
        0.2667,
        0.278,
        0.2889,
        0.3,
        0.3122,
        0.3237,
        0.3359,
        0.3485,
        0.3628,
        0.377,
        0.3919,
        0.4067,
        0.4243,
        0.4428,
        0.463,
        0.485,
        0.5121,
        0.546,
        0.5975,
        0.7584
      ]
    },
    "unavailable": {
      "average_precision": 0.1913,
      "support": 7652,
      "curve_precision": [
        0.1393,
        0.1425,
        0.1457,
        0.149,
        0.1525,
        0.1561,
        0.1598,
        0.1636,
        0.1674,
        0.1716,
        0.1758,
        0.1801,
        0.1847,
        0.1894,
        0.1913,
        0.1912,
        0.1914,
        0.1919,
        0.1923,
        0.193,
        0.193,
        0.1923,
        0.1915,
        0.192,
        0.1915,
        0.1913,
        0.1904,
        0.1895,
        0.1899,
        0.1906,
        0.1913,
        0.1913,
        0.1904,
        0.1899,
        0.1889,
        0.1887,
        0.1885,
        0.1886,
        0.1887,
        0.1888,
        0.1884,
        0.1892,
        0.1885,
        0.1912,
        0.1883,
        0.1904,
        0.1918,
        0.1967,
        0.2022,
        0.1927,
        0.25
      ],
      "curve_recall": [
        1.0,
        1.0,
        0.9999,
        0.9991,
        0.9986,
        0.9974,
        0.9961,
        0.9944,
        0.9927,
        0.9914,
        0.9897,
        0.9873,
        0.986,
        0.983,
        0.9656,
        0.9378,
        0.9115,
        0.8867,
        0.861,
        0.8366,
        0.8091,
        0.7795,
        0.7491,
        0.7241,
        0.6949,
        0.6671,
        0.6375,
        0.6077,
        0.5825,
        0.558,
        0.5335,
        0.5065,
        0.4775,
        0.4498,
        0.4208,
        0.3944,
        0.3674,
        0.3416,
        0.316,
        0.2901,
        0.2633,
        0.2375,
        0.2101,
        0.1866,
        0.1576,
        0.1333,
        0.1081,
        0.0834,
        0.0576,
        0.0277,
        0.001
      ],