{
  "accuracy": 0.7217224811242369,
  "balanced_accuracy": 0.6286360343212156,
  "macro_f1": 0.6029422959968977,
  "macro_f1_present_classes": 0.6029422959968977,
  "weighted_f1": 0.7387067519354156,
  "log_loss": 0.49318082116782214,
  "multiclass_brier": 0.29418861170247995,
  "roc_auc_per_class": {
    "bookable": 0.9637193288252545,
    "price_changed": 0.8087477946644689,
    "unavailable": 0.8642455267382297,
    "macro_avg": 0.878904216742651
  },
  "precision_recall_auc": {
    "bookable": {
      "average_precision": 0.9723,
      "support": 16285,
      "curve_precision": [
        0.5883,
        0.5989,
        0.6102,
        0.6214,
        0.6327,
        0.6442,
        0.6563,
        0.6689,
        0.6819,
        0.6952,
        0.7092,
        0.7233,
        0.7389,
        0.7542,
        0.7705,
        0.787,
        0.8043,
        0.8223,
        0.8409,
        0.8609,
        0.8815,
        0.902,
        0.9236,
        0.9448,
        0.9671,
        0.9869,
        0.9873,
        0.9874,
        0.9875,
        0.9874,
        0.9872,
        0.987,
        0.9874,
        0.9878,
        0.9881,
        0.9877,
        0.9878,
        0.9885,
        0.9885,
        0.9888,
        0.9882,
        0.9884,
        0.989,
        0.9882,
        0.987,
        0.9861,
        0.9861,
        0.9839,
        0.9833,
        0.9765,
        0.9375
      ],
      "curve_recall": [
        1.0,
        0.9995,
        0.9991,
        0.9979,
        0.9962,
        0.9944,
        0.9925,
        0.9909,
        0.9891,
        0.9866,
        0.9845,
        0.9816,
        0.9793,
        0.9762,
        0.9726,
        0.9687,
        0.9647,
        0.9601,
        0.9552,
        0.9504,
        0.945,
        0.9385,
        0.9313,
        0.9222,
        0.9134,
        0.9006,
        0.8671,
        0.8309,
        0.7952,
        0.7587,
        0.7217,
        0.6832,
        0.6473,
        0.6117,
        0.5757,
        0.5395,
        0.504,
        0.4692,
        0.4327,
        0.3956,
        0.3586,
        0.3238,
        0.2867,
        0.2515,
        0.215,
        0.1791,
        0.1439,
        0.1086,
        0.0722,
        0.0357,
        0.0018
      ],
      "curve_thresholds": [
        0.0142,
        0.03,
        0.0344,
        0.0383,
        0.0417,
        0.0453,
        0.0485,
        0.0518,
        0.0555,
        0.0588,
        0.0627,
        0.0668,
        0.071,
        0.0752,
        0.0799,
        0.0852,
        0.0901,
        0.0958,
        0.1023,
        0.1097,
        0.1179,
        0.1283,
        0.141,
        0.1585,
        0.1863,
        0.8201,
        0.9775,
        0.9825,
        0.9846,
        0.986,
        0.9871,
        0.988,
        0.9887,
        0.9894,
        0.99,
        0.9906,
        0.9911,
        0.9915,
        0.9919,
        0.9922,
        0.9925,
        0.9928,
        0.993,
        0.9932,
        0.9934,
        0.9936,
        0.9938,
        0.994,
        0.9943,
        0.9946,
        0.9953
      ]
    },
    "price_changed": {
      "average_precision": 0.2987,
      "support": 3834,
      "curve_precision": [
        0.1385,
        0.1413,
        0.1445,
        0.1476,
        0.1509,
        0.1544,
        0.1583,
        0.1622,
        0.1661,
        0.1703,
        0.1749,
        0.18,
        0.185,
        0.1902,
        0.1959,
        0.2019,
        0.2086,
        0.2154,
        0.2225,
        0.2304,
        0.2393,
        0.2485,
        0.2594,
        0.2701,
        0.282,
        0.2942,
        0.2973,
        0.2976,
        0.2986,
        0.2997,
        0.2999,
        0.2996,
        0.3011,
        0.3028,
        0.3029,
        0.3052,
        0.3043,
        0.3053,
        0.3055,
        0.3031,
        0.3001,
        0.2997,
        0.3012,
        0.3018,
        0.3013,
        0.3029,
        0.3024,
        0.2899,
        0.2891,
        0.2907,
        0.2414
      ],
      "curve_recall": [
        1.0,
        0.9995,
        0.9992,
        0.9984,
        0.9977,
        0.9974,
        0.9971,
        0.9966,
        0.9958,
        0.9956,
        0.9948,
        0.9945,
        0.9935,
        0.9932,
        0.9922,
        0.9914,
        0.9914,
        0.9911,
        0.9903,
        0.9893,
        0.9883,
        0.988,
        0.988,
        0.9877,
        0.9867,
        0.9859,
        0.9557,
        0.9168,
        0.8792,
        0.8422,
        0.802,
        0.7611,
        0.7243,
        0.6878,
        0.6479,
        0.6124,
        0.5699,
        0.5305,
        0.4909,
        0.4465,
        0.4019,
        0.361,
        0.3232,
        0.2833,
        0.2423,
        0.2032,
        0.1622,
        0.1174,
        0.079,
        0.0409,
        0.0018
      ],
      "curve_thresholds": [
        0.0019,
        0.0027,
        0.0029,
        0.003,
        0.0031,
        0.0032,
        0.0033,
        0.0034,
        0.0035,
        0.0036,
        0.0037,
        0.0039,
        0.0041,
        0.0042,
        0.0045,
        0.0047,
        0.005,
        0.0054,
        0.0058,
        0.0062,
        0.0067,
        0.0072,
        0.0079,
        0.009,
        0.0113,
        0.0563,
        0.3764,
        0.3962,
        0.4076,
        0.4168,
        0.4246,
        0.4318,
        0.4385,
        0.4447,
        0.4503,
        0.4557,
        0.4614,
        0.4668,
        0.4721,
        0.4771,
        0.4824,
        0.4877,
        0.4935,
        0.5001,
        0.5068,
        0.5143,
        0.5222,
        0.532,
        0.5442,
        0.5642,
        0.6283
      ]
    },
    "unavailable": {
      "average_precision": 0.5916,
      "support": 7562,
      "curve_precision": [
        0.2732,
        0.2788,
        0.2847,
        0.2908,
        0.2976,
        0.3042,
        0.3114,
        0.3191,
        0.3275,
        0.3359,
        0.3449,
        0.3542,
        0.3641,
        0.3753,
        0.3864,
        0.3982,
        0.4106,
        0.4247,
        0.4388,
        0.4542,
        0.471,
        0.4902,
        0.5107,
        0.5315,
        0.5534,
        0.578,
        0.5846,
        0.5868,
        0.5891,
        0.5889,
        0.5895,
        0.5904,
        0.5927,
        0.5945,
        0.5938,
        0.5947,
        0.5949,
        0.5957,
        0.5952,
        0.5959,
        0.6016,
        0.6015,
        0.6062,
        0.6048,
        0.6067,
        0.6028,
        0.6035,
        0.6027,
        0.5977,
        0.5683,
        0.6
      ],
      "curve_recall": [
        1.0,
        0.9987,
        0.9984,
        0.9971,
        0.997,
        0.9956,
        0.9952,
        0.9948,
        0.9948,
        0.9943,
        0.9934,
        0.9922,
        0.9917,
        0.9913,
        0.9905,
        0.9896,
        0.9888,
        0.9878,
        0.9873,
        0.9864,
        0.9856,
        0.9852,
        0.9841,
        0.9835,
        0.9828,
        0.982,
        0.9529,
        0.9168,
        0.8809,
        0.841,
        0.8019,
        0.7633,
        0.7259,
        0.6874,
        0.6467,
        0.6067,
        0.5668,
        0.527,
        0.4856,
        0.4462,
        0.4095,
        0.3684,
        0.3303,
        0.288,
        0.2477,
        0.2055,
        0.165,
        0.1238,
        0.0833,
        0.0407,
        0.0024
      ],