{
  "rows": [
    {
      "name": "catboost",
      "selection_score": 0.6069540292962678,
      "accuracy": 0.7840305624796792,
      "balanced_accuracy": 0.6384777337431259,
      "macro_f1": 0.6285888668374847,
      "macro_f1_present_classes": 0.6285888668374847,
      "weighted_f1": 0.7917617421950423,
      "log_loss": 0.43269675082433673,
      "multiclass_brier": 0.2584022689125251,
      "ece_macro": 0.04565529597127149,
      "roc_auc_macro": 0.8955912405298244,
      "pr_auc_macro": 0.6273666666666666,
      "tuning_metadata": {
        "best_params": {
          "depth": 8,
          "learning_rate": 0.08,
          "iterations": 400
        },
        "trial_count": 6,
        "eval_set_used_during_fit": false
      }
    },
    {
      "name": "lightgbm",
      "selection_score": 0.6062056471457602,
      "accuracy": 0.7755500162566381,
      "balanced_accuracy": 0.6361205314209957,
      "macro_f1": 0.628269924606962,
      "macro_f1_present_classes": 0.628269924606962,
      "weighted_f1": 0.7871648617734811,
      "log_loss": 0.4412855492240358,
      "multiclass_brier": 0.26749876393427263,
      "ece_macro": 0.04771577488074193,
      "roc_auc_macro": 0.8929521304230974,
      "pr_auc_macro": 0.6237,
      "tuning_metadata": {
        "best_params": {
          "num_leaves": 63,
          "learning_rate": 0.1,
          "n_estimators": 400
        },
        "trial_count": 5
      }
    },
    {
      "name": "xgboost",
      "selection_score": 0.6058842496555565,
      "accuracy": 0.7891784978866371,
      "balanced_accuracy": 0.637886774395623,
      "macro_f1": 0.6276549142486707,
      "macro_f1_present_classes": 0.6276549142486707,
      "weighted_f1": 0.7918668841716768,
      "log_loss": 0.4354132918622832,
      "multiclass_brier": 0.2655711005524728,
      "ece_macro": 0.04261364176828375,
      "roc_auc_macro": 0.893132909686137,
      "pr_auc_macro": 0.6229999999999999,
      "tuning_metadata": {
        "best_params": {
          "max_depth": 6,
          "learning_rate": 0.08,
          "n_estimators": 500
        },
        "trial_count": 5
      }
    },
    {
      "name": "random_forest",
      "selection_score": 0.5903744001541944,
      "accuracy": 0.7833802969545898,
      "balanced_accuracy": 0.6289260976970928,
      "macro_f1": 0.6181076779225869,
      "macro_f1_present_classes": 0.6181076779225869,
      "weighted_f1": 0.7866170164691627,
      "log_loss": 0.5546655553678498,
      "multiclass_brier": 0.2973659594625231,
      "ece_macro": 0.1186975129692716,
      "roc_auc_macro": 0.8891062480775954,
      "pr_auc_macro": 0.6218333333333333,
      "tuning_metadata": {
        "best_params": {
          "n_estimators": 500,
          "max_depth": null,
          "min_samples_leaf": 5
        },
        "trial_count": 5,
        "grid": [
          {
            "n_estimators": 300,
            "max_depth": 12,
            "min_samples_leaf": 2
          },
          {
            "n_estimators": 300,
            "max_depth": 18,
            "min_samples_leaf": 2
          },
          {
            "n_estimators": 500,
            "max_depth": 18,
            "min_samples_leaf": 1
          },
          {
            "n_estimators": 500,
            "max_depth": null,
            "min_samples_leaf": 2
          },
          {
            "n_estimators": 500,
            "max_depth": null,
            "min_samples_leaf": 5
          }
        ],
        "note": "RF now tuned via grid search \u2014 same rigor as other models."
      }
    },
    {
      "name": "logistic_regression",
      "selection_score": 0.28690771782266566,
      "accuracy": 0.6774682995556519,
      "balanced_accuracy": 0.41702402599446575,
      "macro_f1": 0.394942826572547,
      "macro_f1_present_classes": 0.394942826572547,
      "weighted_f1": 0.5980484952507451,
      "log_loss": 2.1607021749976267,
      "multiclass_brier": 0.531058027971489,
      "ece_macro": 0.17339965293314008,
      "roc_auc_macro": 0.8440444368279221,
      "pr_auc_macro": 0.5965666666666667,
      "tuning_metadata": {
        "best_C": 0.1,
        "trial_count": 5,
        "C_grid": [
          0.1,
          0.5,
          1.0,
          2.0,
          5.0
        ]
      }
    }
  ]
}