name,selection_score,accuracy,balanced_accuracy,macro_f1,weighted_f1,log_loss,multiclass_brier,ece_macro
random_forest,0.28838459999905286,0.4306589279617617,0.44398821556149265,0.33646894163961516,0.5162607559337832,0.9616868328112455,0.5641771788516914,0.20314678902984568
catboost,0.2743142187034673,0.3875179242062137,0.4551948081361505,0.31814035069120045,0.47742875527269657,0.8765226397546636,0.5327789920979781,0.1603564886025516
logistic_regression,0.2507807512352927,0.7813861386138614,0.3379261267767051,0.3165555417697322,0.710285198542859,1.3154958106887904,0.3858117261912362,0.08634783109228028
