name,selection_score,accuracy,balanced_accuracy,macro_f1,macro_f1_present_classes,weighted_f1,log_loss,multiclass_brier,ece_macro
catboost,0.6069540292962678,0.7840305624796792,0.6384777337431259,0.6285888668374847,0.6285888668374847,0.7917617421950423,0.43269675082433673,0.2584022689125251,0.04565529597127149
lightgbm,0.6062056471457602,0.7755500162566381,0.6361205314209957,0.628269924606962,0.628269924606962,0.7871648617734811,0.4412855492240358,0.26749876393427263,0.04771577488074193
xgboost,0.6058842496555565,0.7891784978866371,0.637886774395623,0.6276549142486707,0.6276549142486707,0.7918668841716768,0.4354132918622832,0.2655711005524728,0.04261364176828375
random_forest,0.5903744001541944,0.7833802969545898,0.6289260976970928,0.6181076779225869,0.6181076779225869,0.7866170164691627,0.5546655553678498,0.2973659594625231,0.1186975129692716
logistic_regression,0.28690771782266566,0.6774682995556519,0.41702402599446575,0.394942826572547,0.394942826572547,0.5980484952507451,2.1607021749976267,0.531058027971489,0.17339965293314008
