name,strategy,selection_score,accuracy,balanced_accuracy,macro_f1,macro_f1_present_classes,weighted_f1,log_loss,multiclass_brier,ece_macro
dummy_most_frequent,most_frequent,-0.49500794000985904,0.5883096708933926,0.3333333333333333,0.24693323628864727,0.24693323628864727,0.4358196329208433,14.838823525970126,0.8233806582132148,0.27446021940440496
dummy_stratified,stratified,-0.6887566395941576,0.43065640692171525,0.33791918086894096,0.337304516817255,0.337304516817255,0.4367523591804517,20.52122312822825,1.1386871861565695,0.37956239538552317
dummy_uniform,uniform,0.1920026218552418,0.5883096708933926,0.3333333333333333,0.24693323628864727,0.24693323628864727,0.4358196329208433,1.0986122886681096,0.6666666666666666,0.1699842250400395
dummy_prior,prior,0.19976423568083398,0.5883096708933926,0.3333333333333333,0.24693323628864727,0.24693323628864727,0.4358196329208433,0.9433800121562658,0.5624234000078008,0.02539330231444864
