{
  "rows": [
    {
      "name": "dummy_most_frequent",
      "strategy": "most_frequent",
      "selection_score": -0.49500794000985904,
      "accuracy": 0.5883096708933926,
      "balanced_accuracy": 0.3333333333333333,
      "macro_f1": 0.24693323628864727,
      "macro_f1_present_classes": 0.24693323628864727,
      "weighted_f1": 0.4358196329208433,
      "log_loss": 14.838823525970126,
      "multiclass_brier": 0.8233806582132148,
      "ece_macro": 0.27446021940440496
    },
    {
      "name": "dummy_stratified",
      "strategy": "stratified",
      "selection_score": -0.6887566395941576,
      "accuracy": 0.43065640692171525,
      "balanced_accuracy": 0.33791918086894096,
      "macro_f1": 0.337304516817255,
      "macro_f1_present_classes": 0.337304516817255,
      "weighted_f1": 0.4367523591804517,
      "log_loss": 20.52122312822825,
      "multiclass_brier": 1.1386871861565695,
      "ece_macro": 0.37956239538552317
    },
    {
      "name": "dummy_uniform",
      "strategy": "uniform",
      "selection_score": 0.1920026218552418,
      "accuracy": 0.5883096708933926,
      "balanced_accuracy": 0.3333333333333333,
      "macro_f1": 0.24693323628864727,
      "macro_f1_present_classes": 0.24693323628864727,
      "weighted_f1": 0.4358196329208433,
      "log_loss": 1.0986122886681096,
      "multiclass_brier": 0.6666666666666666,
      "ece_macro": 0.1699842250400395
    },
    {
      "name": "dummy_prior",
      "strategy": "prior",
      "selection_score": 0.19976423568083398,
      "accuracy": 0.5883096708933926,
      "balanced_accuracy": 0.3333333333333333,
      "macro_f1": 0.24693323628864727,
      "macro_f1_present_classes": 0.24693323628864727,
      "weighted_f1": 0.4358196329208433,
      "log_loss": 0.9433800121562658,
      "multiclass_brier": 0.5624234000078008,
      "ece_macro": 0.02539330231444864
    }
  ]
}